<?xml version="1.0" encoding="ISO-8859-1" ?>
<!DOCTYPE scenario SYSTEM "sipp.dtd">

<!-- This program is free software; you can redistribute it and/or      -->
<!-- modify it under the terms of the GNU General Public License as     -->
<!-- published by the Free Software Foundation; either version 2 of the -->
<!-- License, or (at your option) any later version.                    -->
<!--                                                                    -->
<!-- This program is distributed in the hope that it will be useful,    -->
<!-- but WITHOUT ANY WARRANTY; without even the implied warranty of     -->
<!-- MERCHANTABILITY or FITNESS FOR A PARTICULAR PURPOSE.  See the      -->
<!-- GNU General Public License for more details.                       -->
<!--                                                                    -->
<!-- You should have received a copy of the GNU General Public License  -->
<!-- along with this program; if not, write to the                      -->
<!-- Free Software Foundation, Inc.,                                    -->
<!-- 59 Temple Place, Suite 330, Boston, MA  02111-1307 USA             -->
<!--                                                                    -->
<!--                 Sipp default 'uac' scenario.                       -->
<!--                                                                    -->

<scenario name="INVITE">

<send retrans="500">
    <![CDATA[
	INVITE sip:[field1]@[field2]:[remote_port] SIP/2.0
	Via: SIP/2.0/[transport] [local_ip]:[local_port];branch=[branch];rport
	Max-Forwards: 70
	Contact: sip:[field0]@[local_ip]:[local_port]
	To: <sip:[field1]@[field2]:[remote_port]>
	From: "[field0]"<sip:[field0]@[local_ip]:[local_port]>;tag=[pid]SIPpTag00[call_number]
	Call-ID: [call_id]
	CSeq: 1 INVITE
	Allow: INVITE, ACK, CANCEL, OPTIONS, BYE, REGISTER, SUBSCRIBE, NOTIFY, REFER, INFO, MESSAGE
	Content-Type: application/sdp
	Supported: replaces
	User-Agent: sipp
	Content-Length: 417
	
	v=0
	o=3cxVCE 59934975 334660605 IN IP[local_ip_type] [local_ip]
	s=3cxVCE Audio Call
	c=IN IP[media_ip_type] [media_ip]
	t=0 0
	m=audio 60600 RTP/AVP 0 8 3 101
	a=rtpmap:0 PCMU/8000
	a=rtpmap:8 PCMA/8000
	a=rtpmap:3 GSM/8000
	a=rtpmap:101 telephone-event/8000
	a=fmtp:101 0-15
	a=ptime:20
	a=rtcp:60979
	a=sendrecv
	m=video 61050 RTP/AVP 34
	c=IN IP[media_ip_type] [media_ip]
	a=rtpmap:34 H263/90000
	a=fmtp:34 QCIF=1;CIF=1;SQCIF=1;CIF4=1
	a=sendrecv

    ]]>
  </send>
<!--
<recv response="407" auth="true" optional="true">
  </recv>
-->
 <recv response="100"
        optional="true">
  </recv>

  <recv response="180" optional="true">
  </recv>

  <recv response="183" optional="true">
  </recv>

  <!-- By adding rrs="true" (Record Route Sets), the route sets         -->
  <!-- are saved and used for following messages sent. Useful to test   -->
  <!-- against stateful SIP proxies/B2BUAs.                             -->


<recv response="200">

<!--
  <action>
    <ereg regexp="([0-9]{1,3}\.){3}[0-9]{1,3}*" search_in="hdr" header="Contact:" check_it="true" assign_to="1" /> 
<ereg regexp=":*" search_in="hdr" header="Contact:" check_it="true" assign_to="6" /> 
  <log message="First Regexpvalue -> [$1]"/>
-  <log message="Second Regexpvalue -> [$6]">
  </action>

-->
</recv>



  <!-- Packet lost can be simulated in any send/recv message by         -->
  <!-- by adding the 'lost = "10"'. Value can be [1-100] percent.       -->
  <send>
    <![CDATA[

      ACK sip:[field1]@[remote_ip]:[remote_port] SIP/2.0
      Via: SIP/2.0/[transport] [local_ip]:[local_port];branch=[branch]
      From: [field0] <sip:[field0]@[local_ip]:[local_port]>;tag=[pid]SIPpTag00[call_number]
      To: sut <sip:[field1]@[remote_ip]:[remote_port]>[peer_tag_param]
      Call-ID: [call_id]
      CSeq: 1 ACK
      Contact: sip:harry16207269196093298542@[local_ip]:[local_port]
      Max-Forwards: 70
      Subject: Performance Test
      Content-Length: 0

    ]]>
  </send>

  <!-- This delay can be customized by the -d command-line option       -->
  <!-- or by adding a 'milliseconds = "value"' option here.             -->
  <pause milliseconds="5000"/>

  <!-- The 'crlf' option inserts a blank line in the statistics report. -->
  <send retrans="500">
    <![CDATA[

      BYE sip:[field1]@[remote_ip]:[remote_port] SIP/2.0
      Via: SIP/2.0/[transport] [local_ip]:[local_port];branch=[branch]
      From: [field0] <sip:[field0]@[local_ip]:[local_port]>;tag=[pid]SIPpTag00[call_number]
      To: sut <sip:[field1]@[remote_ip]:[remote_port]>[peer_tag_param]
      Call-ID: [call_id]
      CSeq: 2 BYE
      Contact: sip:[field0]@[local_ip]:[local_port]
      Max-Forwards: 70
      Subject: Performance Test
      Content-Length: 0

    ]]>
  </send>

  <recv response="200" crlf="true">
  </recv>

  <!-- definition of the response time repartition table (unit is ms)   -->
  <ResponseTimeRepartition value="10, 20, 30, 40, 50, 100, 150, 200"/>

  <!-- definition of the call length repartition table (unit is ms)     -->
  <CallLengthRepartition value="10, 50, 100, 500, 1000, 5000, 10000"/>

</scenario>

